file,width,height
fairwheel9.jpg,3000,2000
fairwheel8.jpg,3000,2000
fairwheel.jpg,3000,2000
fairwheel11.jpg,3000,2000
fairwheel1.jpg,3000,2000
fairwheel3.jpg,3000,2000
fairwheel12.jpg,3000,2000
fairwheel13.jpg,3000,2000
fairwheel2.jpg,3000,2000
fairwheel6.jpg,3000,2000
fairwheel7.jpg,3000,2000
fairwheel14.jpg,3000,2000
fairwheel4.jpg,3000,2000
hamilton.jpeg,2160,1440
hamilton1.png,1980,1280
hamilton3.png,1980,1280
hamilton2.png,1980,1280
hamilton4.jpeg,2159,1440
snt11.png,3000,2000
snt10.jpg,3000,2000
snt8.png,3000,2000
snt9.png,3000,2000
snt2.jpg,3000,2000
snt3.png,3000,2000
snt1.png,3000,2000
snt4.png,3000,2000
snt5.png,3000,2000
snt7.png,3000,2000
snt6.png,3000,2000
snt.jpg,3000,2000
clip4.png,3000,2000
clip5.jpg,3000,2000
clip7.png,3000,2000
clip6.png,3000,2000
clip2.png,3000,2000
clip3.png,3000,2000
clip1.png,3000,2000
clip.jpg,3000,2000
clip12.jpg,3000,2000
clip13.jpg,3000,2000
clip11.jpg,3000,1999
clip10.jpg,3000,2000
clip8.png,3000,2000
clip9.jpg,3000,2000
tailscale.png,494,325
nixie5.jpg,3000,2000
nixie4.jpg,3000,2000
nixie3.jpg,3000,2000
nixie2.jpg,3000,2000
nixie.jpg,3000,2000
